"ResponseId","cond","lis","trOrder","trName","ans","dir","ctg","stiLabel"
"5a6qyh7pc","Finished","lis2","0","F_inc",5,"Increasing","Harmful","F_inc"
"5a6qyh7pc","Finished","lis2","1","D_inc",5,"Increasing","Benefitial","D_inc"
"5a6qyh7pc","Finished","lis2","2","H_inc",6,"Increasing","Harmful","H_inc"
"5a6qyh7pc","Finished","lis2","3","E_dec",5,"Decreasing","Benefitial","E_dec"
"5a6qyh7pc","Finished","lis2","4","G_dec",6,"Decreasing","Harmful","G_dec"
"5a6qyh7pc","Finished","lis2","5","C_dec",3,"Decreasing","Benefitial","C_dec"
"5a6qyh7pc","Finished","lis2","6","B_inc",5,"Increasing","Zero","B_inc"
"5a6qyh7pc","Finished","lis2","7","A_dec",5,"Decreasing","Zero","A_dec"
"556kyzuma","Finished","lis2","0","A_dec",5,"Decreasing","Zero","A_dec"
"556kyzuma","Finished","lis2","1","B_inc",3,"Increasing","Zero","B_inc"
"556kyzuma","Finished","lis2","2","H_inc",6,"Increasing","Harmful","H_inc"
"556kyzuma","Finished","lis2","3","C_dec",2,"Decreasing","Benefitial","C_dec"
"556kyzuma","Finished","lis2","4","E_dec",4,"Decreasing","Benefitial","E_dec"
"556kyzuma","Finished","lis2","5","F_inc",4,"Increasing","Harmful","F_inc"
"556kyzuma","Finished","lis2","6","D_inc",3,"Increasing","Benefitial","D_inc"
"556kyzuma","Finished","lis2","7","G_dec",5,"Decreasing","Harmful","G_dec"
"quajz7spe","Finished","lis1","0","A_inc",5,"Increasing","Zero","A_inc"
"quajz7spe","Finished","lis1","1","F_dec",3,"Decreasing","Harmful","F_dec"
"quajz7spe","Finished","lis1","2","C_inc",5,"Increasing","Benefitial","C_inc"
"quajz7spe","Finished","lis1","3","E_inc",3,"Increasing","Benefitial","E_inc"
"quajz7spe","Finished","lis1","4","B_dec",3,"Decreasing","Zero","B_dec"
"quajz7spe","Finished","lis1","5","H_dec",4,"Decreasing","Harmful","H_dec"
"quajz7spe","Finished","lis1","6","G_inc",5,"Increasing","Harmful","G_inc"
"quajz7spe","Finished","lis1","7","D_dec",2,"Decreasing","Benefitial","D_dec"
"xs6cdmdmq","Finished","lis1","0","C_inc",3,"Increasing","Benefitial","C_inc"
"xs6cdmdmq","Finished","lis1","1","B_dec",4,"Decreasing","Zero","B_dec"
"xs6cdmdmq","Finished","lis1","2","F_dec",5,"Decreasing","Harmful","F_dec"
"xs6cdmdmq","Finished","lis1","3","E_inc",2,"Increasing","Benefitial","E_inc"
"xs6cdmdmq","Finished","lis1","4","H_dec",5,"Decreasing","Harmful","H_dec"
"xs6cdmdmq","Finished","lis1","5","D_dec",4,"Decreasing","Benefitial","D_dec"
"xs6cdmdmq","Finished","lis1","6","G_inc",4,"Increasing","Harmful","G_inc"
"xs6cdmdmq","Finished","lis1","7","A_inc",4,"Increasing","Zero","A_inc"
"rma632upe","Finished","lis1","0","E_inc",3,"Increasing","Benefitial","E_inc"
"rma632upe","Finished","lis1","1","G_inc",4,"Increasing","Harmful","G_inc"
"rma632upe","Finished","lis1","2","H_dec",5,"Decreasing","Harmful","H_dec"
"rma632upe","Finished","lis1","3","A_inc",4,"Increasing","Zero","A_inc"
"rma632upe","Finished","lis1","4","F_dec",4,"Decreasing","Harmful","F_dec"
"rma632upe","Finished","lis1","5","B_dec",5,"Decreasing","Zero","B_dec"
"rma632upe","Finished","lis1","6","D_dec",3,"Decreasing","Benefitial","D_dec"
"rma632upe","Finished","lis1","7","C_inc",3,"Increasing","Benefitial","C_inc"
"6qausc4pc","Finished","lis1","0","F_dec",4,"Decreasing","Harmful","F_dec"
"6qausc4pc","Finished","lis1","1","D_dec",2,"Decreasing","Benefitial","D_dec"
"6qausc4pc","Finished","lis1","2","A_inc",6,"Increasing","Zero","A_inc"
"6qausc4pc","Finished","lis1","3","G_inc",6,"Increasing","Harmful","G_inc"
"6qausc4pc","Finished","lis1","4","B_dec",5,"Decreasing","Zero","B_dec"
"6qausc4pc","Finished","lis1","5","H_dec",5,"Decreasing","Harmful","H_dec"
"6qausc4pc","Finished","lis1","6","C_inc",4,"Increasing","Benefitial","C_inc"
"6qausc4pc","Finished","lis1","7","E_inc",4,"Increasing","Benefitial","E_inc"
"ke6jqg8ps","Finished","lis1","0","H_dec",3,"Decreasing","Harmful","H_dec"
"ke6jqg8ps","Finished","lis1","1","G_inc",5,"Increasing","Harmful","G_inc"
"ke6jqg8ps","Finished","lis1","2","C_inc",5,"Increasing","Benefitial","C_inc"
"ke6jqg8ps","Finished","lis1","3","F_dec",3,"Decreasing","Harmful","F_dec"
"ke6jqg8ps","Finished","lis1","4","E_inc",5,"Increasing","Benefitial","E_inc"
"ke6jqg8ps","Finished","lis1","5","A_inc",5,"Increasing","Zero","A_inc"
"ke6jqg8ps","Finished","lis1","6","D_dec",4,"Decreasing","Benefitial","D_dec"
"ke6jqg8ps","Finished","lis1","7","B_dec",5,"Decreasing","Zero","B_dec"
"3i6k236pr","Finished","lis1","0","E_inc",3,"Increasing","Benefitial","E_inc"
"3i6k236pr","Finished","lis1","1","G_inc",5,"Increasing","Harmful","G_inc"
"3i6k236pr","Finished","lis1","2","D_dec",5,"Decreasing","Benefitial","D_dec"
"3i6k236pr","Finished","lis1","3","C_inc",6,"Increasing","Benefitial","C_inc"
"3i6k236pr","Finished","lis1","4","H_dec",6,"Decreasing","Harmful","H_dec"
"3i6k236pr","Finished","lis1","5","F_dec",3,"Decreasing","Harmful","F_dec"
"3i6k236pr","Finished","lis1","6","A_inc",6,"Increasing","Zero","A_inc"
"3i6k236pr","Finished","lis1","7","B_dec",5,"Decreasing","Zero","B_dec"
"8j6vwjpmp","Finished","lis1","0","F_dec",6,"Decreasing","Harmful","F_dec"
"8j6vwjpmp","Finished","lis1","1","B_dec",7,"Decreasing","Zero","B_dec"
"8j6vwjpmp","Finished","lis1","2","C_inc",1,"Increasing","Benefitial","C_inc"
"8j6vwjpmp","Finished","lis1","3","E_inc",3,"Increasing","Benefitial","E_inc"
"8j6vwjpmp","Finished","lis1","4","D_dec",3,"Decreasing","Benefitial","D_dec"
"8j6vwjpmp","Finished","lis1","5","G_inc",6,"Increasing","Harmful","G_inc"
"8j6vwjpmp","Finished","lis1","6","H_dec",7,"Decreasing","Harmful","H_dec"
"8j6vwjpmp","Finished","lis1","7","A_inc",5,"Increasing","Zero","A_inc"
"7ea7se1pd","Finished","lis2","0","E_dec",3,"Decreasing","Benefitial","E_dec"
"7ea7se1pd","Finished","lis2","1","A_dec",4,"Decreasing","Zero","A_dec"
"7ea7se1pd","Finished","lis2","2","G_dec",5,"Decreasing","Harmful","G_dec"
"7ea7se1pd","Finished","lis2","3","F_inc",5,"Increasing","Harmful","F_inc"
"7ea7se1pd","Finished","lis2","4","D_inc",3,"Increasing","Benefitial","D_inc"
"7ea7se1pd","Finished","lis2","5","H_inc",3,"Increasing","Harmful","H_inc"
"7ea7se1pd","Finished","lis2","6","C_dec",2,"Decreasing","Benefitial","C_dec"
"7ea7se1pd","Finished","lis2","7","B_inc",4,"Increasing","Zero","B_inc"
"ypawr9hmc","Finished","lis1","0","G_inc",5,"Increasing","Harmful","G_inc"
"ypawr9hmc","Finished","lis1","1","A_inc",5,"Increasing","Zero","A_inc"
"ypawr9hmc","Finished","lis1","2","B_dec",4,"Decreasing","Zero","B_dec"
"ypawr9hmc","Finished","lis1","3","H_dec",6,"Decreasing","Harmful","H_dec"
"ypawr9hmc","Finished","lis1","4","E_inc",3,"Increasing","Benefitial","E_inc"
"ypawr9hmc","Finished","lis1","5","F_dec",4,"Decreasing","Harmful","F_dec"
"ypawr9hmc","Finished","lis1","6","D_dec",4,"Decreasing","Benefitial","D_dec"
"ypawr9hmc","Finished","lis1","7","C_inc",2,"Increasing","Benefitial","C_inc"
"du6v7ukp5","Finished","lis2","0","E_dec",3,"Decreasing","Benefitial","E_dec"
"du6v7ukp5","Finished","lis2","1","F_inc",5,"Increasing","Harmful","F_inc"
"du6v7ukp5","Finished","lis2","2","H_inc",7,"Increasing","Harmful","H_inc"
"du6v7ukp5","Finished","lis2","3","B_inc",6,"Increasing","Zero","B_inc"
"du6v7ukp5","Finished","lis2","4","C_dec",2,"Decreasing","Benefitial","C_dec"
"du6v7ukp5","Finished","lis2","5","G_dec",4,"Decreasing","Harmful","G_dec"
"du6v7ukp5","Finished","lis2","6","D_inc",5,"Increasing","Benefitial","D_inc"
"du6v7ukp5","Finished","lis2","7","A_dec",3,"Decreasing","Zero","A_dec"
"4f631v6md","Finished","lis2","0","C_dec",3,"Decreasing","Benefitial","C_dec"
"4f631v6md","Finished","lis2","1","H_inc",7,"Increasing","Harmful","H_inc"
"4f631v6md","Finished","lis2","2","D_inc",7,"Increasing","Benefitial","D_inc"
"4f631v6md","Finished","lis2","3","E_dec",2,"Decreasing","Benefitial","E_dec"
"4f631v6md","Finished","lis2","4","B_inc",7,"Increasing","Zero","B_inc"
"4f631v6md","Finished","lis2","5","G_dec",3,"Decreasing","Harmful","G_dec"
"4f631v6md","Finished","lis2","6","A_dec",3,"Decreasing","Zero","A_dec"
"4f631v6md","Finished","lis2","7","F_inc",6,"Increasing","Harmful","F_inc"
"s061ubyp1","Finished","lis1","0","C_inc",2,"Increasing","Benefitial","C_inc"
"s061ubyp1","Finished","lis1","1","H_dec",6,"Decreasing","Harmful","H_dec"
"s061ubyp1","Finished","lis1","2","F_dec",4,"Decreasing","Harmful","F_dec"
"s061ubyp1","Finished","lis1","3","E_inc",3,"Increasing","Benefitial","E_inc"
"s061ubyp1","Finished","lis1","4","B_dec",5,"Decreasing","Zero","B_dec"
"s061ubyp1","Finished","lis1","5","D_dec",3,"Decreasing","Benefitial","D_dec"
"s061ubyp1","Finished","lis1","6","G_inc",6,"Increasing","Harmful","G_inc"
"s061ubyp1","Finished","lis1","7","A_inc",7,"Increasing","Zero","A_inc"
"udacr55p0","Finished","lis1","0","C_inc",2,"Increasing","Benefitial","C_inc"
"udacr55p0","Finished","lis1","1","E_inc",3,"Increasing","Benefitial","E_inc"
"udacr55p0","Finished","lis1","2","F_dec",5,"Decreasing","Harmful","F_dec"
"udacr55p0","Finished","lis1","3","D_dec",3,"Decreasing","Benefitial","D_dec"
"udacr55p0","Finished","lis1","4","B_dec",6,"Decreasing","Zero","B_dec"
"udacr55p0","Finished","lis1","5","G_inc",4,"Increasing","Harmful","G_inc"
"udacr55p0","Finished","lis1","6","A_inc",3,"Increasing","Zero","A_inc"
"udacr55p0","Finished","lis1","7","H_dec",7,"Decreasing","Harmful","H_dec"
"jd6tcmspg","Finished","lis1","0","A_inc",4,"Increasing","Zero","A_inc"
"jd6tcmspg","Finished","lis1","1","G_inc",6,"Increasing","Harmful","G_inc"
"jd6tcmspg","Finished","lis1","2","E_inc",2,"Increasing","Benefitial","E_inc"
"jd6tcmspg","Finished","lis1","3","D_dec",3,"Decreasing","Benefitial","D_dec"
"jd6tcmspg","Finished","lis1","4","B_dec",4,"Decreasing","Zero","B_dec"
"jd6tcmspg","Finished","lis1","5","F_dec",5,"Decreasing","Harmful","F_dec"
"jd6tcmspg","Finished","lis1","6","C_inc",2,"Increasing","Benefitial","C_inc"
"jd6tcmspg","Finished","lis1","7","H_dec",6,"Decreasing","Harmful","H_dec"
"4dahuc7mo","Finished","lis1","0","A_inc",3,"Increasing","Zero","A_inc"
"4dahuc7mo","Finished","lis1","1","B_dec",6,"Decreasing","Zero","B_dec"
"4dahuc7mo","Finished","lis1","2","C_inc",1,"Increasing","Benefitial","C_inc"
"4dahuc7mo","Finished","lis1","3","E_inc",1,"Increasing","Benefitial","E_inc"
"4dahuc7mo","Finished","lis1","4","D_dec",4,"Decreasing","Benefitial","D_dec"
"4dahuc7mo","Finished","lis1","5","F_dec",6,"Decreasing","Harmful","F_dec"
"4dahuc7mo","Finished","lis1","6","H_dec",6,"Decreasing","Harmful","H_dec"
"4dahuc7mo","Finished","lis1","7","G_inc",4,"Increasing","Harmful","G_inc"
"5k65yd8pj","Finished","lis1","0","E_inc",2,"Increasing","Benefitial","E_inc"
"5k65yd8pj","Finished","lis1","1","D_dec",6,"Decreasing","Benefitial","D_dec"
"5k65yd8pj","Finished","lis1","2","A_inc",6,"Increasing","Zero","A_inc"
"5k65yd8pj","Finished","lis1","3","B_dec",5,"Decreasing","Zero","B_dec"
"5k65yd8pj","Finished","lis1","4","C_inc",5,"Increasing","Benefitial","C_inc"
"5k65yd8pj","Finished","lis1","5","F_dec",6,"Decreasing","Harmful","F_dec"
"5k65yd8pj","Finished","lis1","6","G_inc",5,"Increasing","Harmful","G_inc"
"5k65yd8pj","Finished","lis1","7","H_dec",6,"Decreasing","Harmful","H_dec"
"zj6f5y3mb","Finished","lis1","0","A_inc",2,"Increasing","Zero","A_inc"
"zj6f5y3mb","Finished","lis1","1","F_dec",2,"Decreasing","Harmful","F_dec"
"zj6f5y3mb","Finished","lis1","2","E_inc",5,"Increasing","Benefitial","E_inc"
"zj6f5y3mb","Finished","lis1","3","B_dec",2,"Decreasing","Zero","B_dec"
"zj6f5y3mb","Finished","lis1","4","H_dec",2,"Decreasing","Harmful","H_dec"
"zj6f5y3mb","Finished","lis1","5","G_inc",3,"Increasing","Harmful","G_inc"
"zj6f5y3mb","Finished","lis1","6","C_inc",4,"Increasing","Benefitial","C_inc"
"zj6f5y3mb","Finished","lis1","7","D_dec",5,"Decreasing","Benefitial","D_dec"
"5x6hbpomc","Finished","lis1","0","H_dec",3,"Decreasing","Harmful","H_dec"
"5x6hbpomc","Finished","lis1","1","F_dec",5,"Decreasing","Harmful","F_dec"
"5x6hbpomc","Finished","lis1","2","C_inc",3,"Increasing","Benefitial","C_inc"
"5x6hbpomc","Finished","lis1","3","E_inc",3,"Increasing","Benefitial","E_inc"
"5x6hbpomc","Finished","lis1","4","G_inc",5,"Increasing","Harmful","G_inc"
"5x6hbpomc","Finished","lis1","5","D_dec",3,"Decreasing","Benefitial","D_dec"
"5x6hbpomc","Finished","lis1","6","B_dec",4,"Decreasing","Zero","B_dec"
"5x6hbpomc","Finished","lis1","7","A_inc",3,"Increasing","Zero","A_inc"
"zx60qummq","Finished","lis1","0","C_inc",4,"Increasing","Benefitial","C_inc"
"zx60qummq","Finished","lis1","1","F_dec",3,"Decreasing","Harmful","F_dec"
"zx60qummq","Finished","lis1","2","E_inc",3,"Increasing","Benefitial","E_inc"
"zx60qummq","Finished","lis1","3","B_dec",2,"Decreasing","Zero","B_dec"
"zx60qummq","Finished","lis1","4","A_inc",4,"Increasing","Zero","A_inc"
"zx60qummq","Finished","lis1","5","H_dec",2,"Decreasing","Harmful","H_dec"
"zx60qummq","Finished","lis1","6","D_dec",4,"Decreasing","Benefitial","D_dec"
"zx60qummq","Finished","lis1","7","G_inc",5,"Increasing","Harmful","G_inc"
"00adrq6pd","Finished","lis2","0","B_inc",6,"Increasing","Zero","B_inc"
"00adrq6pd","Finished","lis2","1","F_inc",6,"Increasing","Harmful","F_inc"
"00adrq6pd","Finished","lis2","2","H_inc",6,"Increasing","Harmful","H_inc"
"00adrq6pd","Finished","lis2","3","C_dec",3,"Decreasing","Benefitial","C_dec"
"00adrq6pd","Finished","lis2","4","A_dec",4,"Decreasing","Zero","A_dec"
"00adrq6pd","Finished","lis2","5","E_dec",3,"Decreasing","Benefitial","E_dec"
"00adrq6pd","Finished","lis2","6","D_inc",4,"Increasing","Benefitial","D_inc"
"00adrq6pd","Finished","lis2","7","G_dec",6,"Decreasing","Harmful","G_dec"
"adagfk3mj","Finished","lis2","0","C_dec",5,"Decreasing","Benefitial","C_dec"
"adagfk3mj","Finished","lis2","1","G_dec",4,"Decreasing","Harmful","G_dec"
"adagfk3mj","Finished","lis2","2","H_inc",6,"Increasing","Harmful","H_inc"
"adagfk3mj","Finished","lis2","3","B_inc",6,"Increasing","Zero","B_inc"
"adagfk3mj","Finished","lis2","4","D_inc",6,"Increasing","Benefitial","D_inc"
"adagfk3mj","Finished","lis2","5","F_inc",6,"Increasing","Harmful","F_inc"
"adagfk3mj","Finished","lis2","6","E_dec",1,"Decreasing","Benefitial","E_dec"
"adagfk3mj","Finished","lis2","7","A_dec",1,"Decreasing","Zero","A_dec"
"yl6fa0vm1","Finished","lis2","0","G_dec",5,"Decreasing","Harmful","G_dec"
"yl6fa0vm1","Finished","lis2","1","A_dec",4,"Decreasing","Zero","A_dec"
"yl6fa0vm1","Finished","lis2","2","H_inc",5,"Increasing","Harmful","H_inc"
"yl6fa0vm1","Finished","lis2","3","E_dec",4,"Decreasing","Benefitial","E_dec"
"yl6fa0vm1","Finished","lis2","4","C_dec",3,"Decreasing","Benefitial","C_dec"
"yl6fa0vm1","Finished","lis2","5","B_inc",4,"Increasing","Zero","B_inc"
"yl6fa0vm1","Finished","lis2","6","F_inc",5,"Increasing","Harmful","F_inc"
"yl6fa0vm1","Finished","lis2","7","D_inc",5,"Increasing","Benefitial","D_inc"
"q56y3wymb","Finished","lis2","0","A_dec",4,"Decreasing","Zero","A_dec"
"q56y3wymb","Finished","lis2","1","H_inc",5,"Increasing","Harmful","H_inc"
"q56y3wymb","Finished","lis2","2","G_dec",4,"Decreasing","Harmful","G_dec"
"q56y3wymb","Finished","lis2","3","D_inc",3,"Increasing","Benefitial","D_inc"
"q56y3wymb","Finished","lis2","4","C_dec",3,"Decreasing","Benefitial","C_dec"
"q56y3wymb","Finished","lis2","5","E_dec",2,"Decreasing","Benefitial","E_dec"
"q56y3wymb","Finished","lis2","6","B_inc",4,"Increasing","Zero","B_inc"
"q56y3wymb","Finished","lis2","7","F_inc",4,"Increasing","Harmful","F_inc"
"h3ap126pd","Finished","lis2","0","A_dec",5,"Decreasing","Zero","A_dec"
"h3ap126pd","Finished","lis2","1","F_inc",5,"Increasing","Harmful","F_inc"
"h3ap126pd","Finished","lis2","2","E_dec",3,"Decreasing","Benefitial","E_dec"
"h3ap126pd","Finished","lis2","3","C_dec",3,"Decreasing","Benefitial","C_dec"
"h3ap126pd","Finished","lis2","4","B_inc",4,"Increasing","Zero","B_inc"
"h3ap126pd","Finished","lis2","5","D_inc",2,"Increasing","Benefitial","D_inc"
"h3ap126pd","Finished","lis2","6","H_inc",5,"Increasing","Harmful","H_inc"
"h3ap126pd","Finished","lis2","7","G_dec",6,"Decreasing","Harmful","G_dec"
"d4ak2qemf","Finished","lis2","0","E_dec",6,"Decreasing","Benefitial","E_dec"
"d4ak2qemf","Finished","lis2","1","H_inc",2,"Increasing","Harmful","H_inc"
"d4ak2qemf","Finished","lis2","2","F_inc",3,"Increasing","Harmful","F_inc"
"d4ak2qemf","Finished","lis2","3","D_inc",3,"Increasing","Benefitial","D_inc"
"d4ak2qemf","Finished","lis2","4","A_dec",6,"Decreasing","Zero","A_dec"
"d4ak2qemf","Finished","lis2","5","C_dec",7,"Decreasing","Benefitial","C_dec"
"d4ak2qemf","Finished","lis2","6","B_inc",3,"Increasing","Zero","B_inc"
"d4ak2qemf","Finished","lis2","7","G_dec",5,"Decreasing","Harmful","G_dec"
"fq665p5p5","Finished","lis1","0","F_dec",6,"Decreasing","Harmful","F_dec"
"fq665p5p5","Finished","lis1","1","D_dec",3,"Decreasing","Benefitial","D_dec"
"fq665p5p5","Finished","lis1","2","G_inc",2,"Increasing","Harmful","G_inc"
"fq665p5p5","Finished","lis1","3","B_dec",6,"Decreasing","Zero","B_dec"
"fq665p5p5","Finished","lis1","4","C_inc",4,"Increasing","Benefitial","C_inc"
"fq665p5p5","Finished","lis1","5","E_inc",3,"Increasing","Benefitial","E_inc"
"fq665p5p5","Finished","lis1","6","H_dec",5,"Decreasing","Harmful","H_dec"
"fq665p5p5","Finished","lis1","7","A_inc",5,"Increasing","Zero","A_inc"
"5va3d6ppx","Finished","lis2","0","H_inc",2,"Increasing","Harmful","H_inc"
"5va3d6ppx","Finished","lis2","1","C_dec",6,"Decreasing","Benefitial","C_dec"
"5va3d6ppx","Finished","lis2","2","F_inc",4,"Increasing","Harmful","F_inc"
"5va3d6ppx","Finished","lis2","3","D_inc",6,"Increasing","Benefitial","D_inc"
"5va3d6ppx","Finished","lis2","4","G_dec",2,"Decreasing","Harmful","G_dec"
"5va3d6ppx","Finished","lis2","5","E_dec",4,"Decreasing","Benefitial","E_dec"
"5va3d6ppx","Finished","lis2","6","B_inc",3,"Increasing","Zero","B_inc"
"5va3d6ppx","Finished","lis2","7","A_dec",2,"Decreasing","Zero","A_dec"
"wlaahl7pr","Finished","lis2","0","E_dec",1,"Decreasing","Benefitial","E_dec"
"wlaahl7pr","Finished","lis2","1","F_inc",5,"Increasing","Harmful","F_inc"
"wlaahl7pr","Finished","lis2","2","H_inc",5,"Increasing","Harmful","H_inc"
"wlaahl7pr","Finished","lis2","3","D_inc",4,"Increasing","Benefitial","D_inc"
"wlaahl7pr","Finished","lis2","4","C_dec",2,"Decreasing","Benefitial","C_dec"
"wlaahl7pr","Finished","lis2","5","G_dec",5,"Decreasing","Harmful","G_dec"
"wlaahl7pr","Finished","lis2","6","A_dec",4,"Decreasing","Zero","A_dec"
"wlaahl7pr","Finished","lis2","7","B_inc",6,"Increasing","Zero","B_inc"
"yb6ispsm9","Finished","lis2","0","H_inc",6,"Increasing","Harmful","H_inc"
"yb6ispsm9","Finished","lis2","1","B_inc",5,"Increasing","Zero","B_inc"
"yb6ispsm9","Finished","lis2","2","C_dec",2,"Decreasing","Benefitial","C_dec"
"yb6ispsm9","Finished","lis2","3","G_dec",4,"Decreasing","Harmful","G_dec"
"yb6ispsm9","Finished","lis2","4","E_dec",2,"Decreasing","Benefitial","E_dec"
"yb6ispsm9","Finished","lis2","5","F_inc",6,"Increasing","Harmful","F_inc"
"yb6ispsm9","Finished","lis2","6","A_dec",4,"Decreasing","Zero","A_dec"
"yb6ispsm9","Finished","lis2","7","D_inc",5,"Increasing","Benefitial","D_inc"
"kp6ywz3pf","Finished","lis1","0","D_dec",1,"Decreasing","Benefitial","D_dec"
"kp6ywz3pf","Finished","lis1","1","E_inc",2,"Increasing","Benefitial","E_inc"
"kp6ywz3pf","Finished","lis1","2","H_dec",6,"Decreasing","Harmful","H_dec"
"kp6ywz3pf","Finished","lis1","3","F_dec",4,"Decreasing","Harmful","F_dec"
"kp6ywz3pf","Finished","lis1","4","G_inc",6,"Increasing","Harmful","G_inc"
"kp6ywz3pf","Finished","lis1","5","B_dec",5,"Decreasing","Zero","B_dec"
"kp6ywz3pf","Finished","lis1","6","A_inc",5,"Increasing","Zero","A_inc"
"kp6ywz3pf","Finished","lis1","7","C_inc",2,"Increasing","Benefitial","C_inc"
"z76kyynmo","Finished","lis2","0","H_inc",6,"Increasing","Harmful","H_inc"
"z76kyynmo","Finished","lis2","1","G_dec",6,"Decreasing","Harmful","G_dec"
"z76kyynmo","Finished","lis2","2","F_inc",6,"Increasing","Harmful","F_inc"
"z76kyynmo","Finished","lis2","3","A_dec",4,"Decreasing","Zero","A_dec"
"z76kyynmo","Finished","lis2","4","D_inc",2,"Increasing","Benefitial","D_inc"
"z76kyynmo","Finished","lis2","5","E_dec",2,"Decreasing","Benefitial","E_dec"
"z76kyynmo","Finished","lis2","6","B_inc",4,"Increasing","Zero","B_inc"
"z76kyynmo","Finished","lis2","7","C_dec",2,"Decreasing","Benefitial","C_dec"
"e76mpzqmt","Finished","lis2","0","C_dec",7,"Decreasing","Benefitial","C_dec"
"e76mpzqmt","Finished","lis2","1","H_inc",5,"Increasing","Harmful","H_inc"
"e76mpzqmt","Finished","lis2","2","F_inc",7,"Increasing","Harmful","F_inc"
"e76mpzqmt","Finished","lis2","3","E_dec",7,"Decreasing","Benefitial","E_dec"
"e76mpzqmt","Finished","lis2","4","D_inc",7,"Increasing","Benefitial","D_inc"
"e76mpzqmt","Finished","lis2","5","B_inc",7,"Increasing","Zero","B_inc"
"e76mpzqmt","Finished","lis2","6","G_dec",7,"Decreasing","Harmful","G_dec"
"e76mpzqmt","Finished","lis2","7","A_dec",5,"Decreasing","Zero","A_dec"
"206ananmp","Finished","lis2","0","E_dec",2,"Decreasing","Benefitial","E_dec"
"206ananmp","Finished","lis2","1","D_inc",2,"Increasing","Benefitial","D_inc"
"206ananmp","Finished","lis2","2","H_inc",6,"Increasing","Harmful","H_inc"
"206ananmp","Finished","lis2","3","G_dec",6,"Decreasing","Harmful","G_dec"
"206ananmp","Finished","lis2","4","F_inc",6,"Increasing","Harmful","F_inc"
"206ananmp","Finished","lis2","5","B_inc",4,"Increasing","Zero","B_inc"
"206ananmp","Finished","lis2","6","A_dec",3,"Decreasing","Zero","A_dec"
"206ananmp","Finished","lis2","7","C_dec",1,"Decreasing","Benefitial","C_dec"
"qya55m4mi","Finished","lis2","0","E_dec",3,"Decreasing","Benefitial","E_dec"
"qya55m4mi","Finished","lis2","1","C_dec",3,"Decreasing","Benefitial","C_dec"
"qya55m4mi","Finished","lis2","2","H_inc",6,"Increasing","Harmful","H_inc"
"qya55m4mi","Finished","lis2","3","D_inc",3,"Increasing","Benefitial","D_inc"
"qya55m4mi","Finished","lis2","4","F_inc",5,"Increasing","Harmful","F_inc"
"qya55m4mi","Finished","lis2","5","A_dec",5,"Decreasing","Zero","A_dec"
"qya55m4mi","Finished","lis2","6","B_inc",4,"Increasing","Zero","B_inc"
"qya55m4mi","Finished","lis2","7","G_dec",5,"Decreasing","Harmful","G_dec"
"59al9b1mi","Finished","lis2","0","C_dec",4,"Decreasing","Benefitial","C_dec"
"59al9b1mi","Finished","lis2","1","D_inc",5,"Increasing","Benefitial","D_inc"
"59al9b1mi","Finished","lis2","2","E_dec",4,"Decreasing","Benefitial","E_dec"
"59al9b1mi","Finished","lis2","3","A_dec",5,"Decreasing","Zero","A_dec"
"59al9b1mi","Finished","lis2","4","G_dec",4,"Decreasing","Harmful","G_dec"
"59al9b1mi","Finished","lis2","5","F_inc",6,"Increasing","Harmful","F_inc"
"59al9b1mi","Finished","lis2","6","B_inc",7,"Increasing","Zero","B_inc"
"59al9b1mi","Finished","lis2","7","H_inc",7,"Increasing","Harmful","H_inc"
"75a81sfpt","Finished","lis2","0","G_dec",6,"Decreasing","Harmful","G_dec"
"75a81sfpt","Finished","lis2","1","C_dec",5,"Decreasing","Benefitial","C_dec"
"75a81sfpt","Finished","lis2","2","D_inc",4,"Increasing","Benefitial","D_inc"
"75a81sfpt","Finished","lis2","3","F_inc",6,"Increasing","Harmful","F_inc"
"75a81sfpt","Finished","lis2","4","B_inc",6,"Increasing","Zero","B_inc"
"75a81sfpt","Finished","lis2","5","E_dec",5,"Decreasing","Benefitial","E_dec"
"75a81sfpt","Finished","lis2","6","A_dec",6,"Decreasing","Zero","A_dec"
"75a81sfpt","Finished","lis2","7","H_inc",6,"Increasing","Harmful","H_inc"
"tvacrlmmc","Finished","lis2","0","A_dec",4,"Decreasing","Zero","A_dec"
"tvacrlmmc","Finished","lis2","1","E_dec",2,"Decreasing","Benefitial","E_dec"
"tvacrlmmc","Finished","lis2","2","H_inc",6,"Increasing","Harmful","H_inc"
"tvacrlmmc","Finished","lis2","3","F_inc",5,"Increasing","Harmful","F_inc"
"tvacrlmmc","Finished","lis2","4","D_inc",3,"Increasing","Benefitial","D_inc"
"tvacrlmmc","Finished","lis2","5","B_inc",4,"Increasing","Zero","B_inc"
"tvacrlmmc","Finished","lis2","6","G_dec",5,"Decreasing","Harmful","G_dec"
"tvacrlmmc","Finished","lis2","7","C_dec",3,"Decreasing","Benefitial","C_dec"
"wr665qlpi","Finished","lis1","0","A_inc",3,"Increasing","Zero","A_inc"
"wr665qlpi","Finished","lis1","1","F_dec",6,"Decreasing","Harmful","F_dec"
"wr665qlpi","Finished","lis1","2","C_inc",3,"Increasing","Benefitial","C_inc"
"wr665qlpi","Finished","lis1","3","G_inc",5,"Increasing","Harmful","G_inc"
"wr665qlpi","Finished","lis1","4","H_dec",6,"Decreasing","Harmful","H_dec"
"wr665qlpi","Finished","lis1","5","D_dec",3,"Decreasing","Benefitial","D_dec"
"wr665qlpi","Finished","lis1","6","E_inc",2,"Increasing","Benefitial","E_inc"
"wr665qlpi","Finished","lis1","7","B_dec",6,"Decreasing","Zero","B_dec"
"twaiqaamv","Finished","lis2","0","D_inc",3,"Increasing","Benefitial","D_inc"
"twaiqaamv","Finished","lis2","1","H_inc",5,"Increasing","Harmful","H_inc"
"twaiqaamv","Finished","lis2","2","C_dec",3,"Decreasing","Benefitial","C_dec"
"twaiqaamv","Finished","lis2","3","G_dec",5,"Decreasing","Harmful","G_dec"
"twaiqaamv","Finished","lis2","4","E_dec",3,"Decreasing","Benefitial","E_dec"
"twaiqaamv","Finished","lis2","5","F_inc",4,"Increasing","Harmful","F_inc"
"twaiqaamv","Finished","lis2","6","B_inc",4,"Increasing","Zero","B_inc"
"twaiqaamv","Finished","lis2","7","A_dec",5,"Decreasing","Zero","A_dec"
"gualt7fpa","Finished","lis2","0","F_inc",5,"Increasing","Harmful","F_inc"
"gualt7fpa","Finished","lis2","1","A_dec",6,"Decreasing","Zero","A_dec"
"gualt7fpa","Finished","lis2","2","C_dec",2,"Decreasing","Benefitial","C_dec"
"gualt7fpa","Finished","lis2","3","G_dec",5,"Decreasing","Harmful","G_dec"
"gualt7fpa","Finished","lis2","4","H_inc",7,"Increasing","Harmful","H_inc"
"gualt7fpa","Finished","lis2","5","B_inc",7,"Increasing","Zero","B_inc"
"gualt7fpa","Finished","lis2","6","D_inc",3,"Increasing","Benefitial","D_inc"
"gualt7fpa","Finished","lis2","7","E_dec",2,"Decreasing","Benefitial","E_dec"
"0460inzmc","Finished","lis1","0","D_dec",2,"Decreasing","Benefitial","D_dec"
"0460inzmc","Finished","lis1","1","G_inc",5,"Increasing","Harmful","G_inc"
"0460inzmc","Finished","lis1","2","E_inc",3,"Increasing","Benefitial","E_inc"
"0460inzmc","Finished","lis1","3","H_dec",5,"Decreasing","Harmful","H_dec"
"0460inzmc","Finished","lis1","4","F_dec",5,"Decreasing","Harmful","F_dec"
"0460inzmc","Finished","lis1","5","A_inc",6,"Increasing","Zero","A_inc"
"0460inzmc","Finished","lis1","6","B_dec",6,"Decreasing","Zero","B_dec"
"0460inzmc","Finished","lis1","7","C_inc",3,"Increasing","Benefitial","C_inc"
"61a7yhbp9","Finished","lis2","0","C_dec",3,"Decreasing","Benefitial","C_dec"
"61a7yhbp9","Finished","lis2","1","A_dec",3,"Decreasing","Zero","A_dec"
"61a7yhbp9","Finished","lis2","2","E_dec",2,"Decreasing","Benefitial","E_dec"
"61a7yhbp9","Finished","lis2","3","D_inc",5,"Increasing","Benefitial","D_inc"
"61a7yhbp9","Finished","lis2","4","H_inc",6,"Increasing","Harmful","H_inc"
"61a7yhbp9","Finished","lis2","5","G_dec",4,"Decreasing","Harmful","G_dec"
"61a7yhbp9","Finished","lis2","6","B_inc",5,"Increasing","Zero","B_inc"
"61a7yhbp9","Finished","lis2","7","F_inc",5,"Increasing","Harmful","F_inc"
"ik6hg8fpa","Finished","lis2","0","F_inc",7,"Increasing","Harmful","F_inc"
"ik6hg8fpa","Finished","lis2","1","B_inc",6,"Increasing","Zero","B_inc"
"ik6hg8fpa","Finished","lis2","2","H_inc",6,"Increasing","Harmful","H_inc"
"ik6hg8fpa","Finished","lis2","3","E_dec",1,"Decreasing","Benefitial","E_dec"
"ik6hg8fpa","Finished","lis2","4","A_dec",4,"Decreasing","Zero","A_dec"
"ik6hg8fpa","Finished","lis2","5","D_inc",5,"Increasing","Benefitial","D_inc"
"ik6hg8fpa","Finished","lis2","6","G_dec",5,"Decreasing","Harmful","G_dec"
"ik6hg8fpa","Finished","lis2","7","C_dec",2,"Decreasing","Benefitial","C_dec"
"sz64psap1","Finished","lis2","0","B_inc",3,"Increasing","Zero","B_inc"
"sz64psap1","Finished","lis2","1","C_dec",1,"Decreasing","Benefitial","C_dec"
"sz64psap1","Finished","lis2","2","A_dec",6,"Decreasing","Zero","A_dec"
"sz64psap1","Finished","lis2","3","D_inc",1,"Increasing","Benefitial","D_inc"
"sz64psap1","Finished","lis2","4","G_dec",7,"Decreasing","Harmful","G_dec"
"sz64psap1","Finished","lis2","5","E_dec",4,"Decreasing","Benefitial","E_dec"
"sz64psap1","Finished","lis2","6","H_inc",6,"Increasing","Harmful","H_inc"
"sz64psap1","Finished","lis2","7","F_inc",5,"Increasing","Harmful","F_inc"
"ny6jndnpf","Finished","lis1","0","E_inc",2,"Increasing","Benefitial","E_inc"
"ny6jndnpf","Finished","lis1","1","D_dec",3,"Decreasing","Benefitial","D_dec"
"ny6jndnpf","Finished","lis1","2","A_inc",4,"Increasing","Zero","A_inc"
"ny6jndnpf","Finished","lis1","3","F_dec",5,"Decreasing","Harmful","F_dec"
"ny6jndnpf","Finished","lis1","4","G_inc",5,"Increasing","Harmful","G_inc"
"ny6jndnpf","Finished","lis1","5","C_inc",3,"Increasing","Benefitial","C_inc"
"ny6jndnpf","Finished","lis1","6","H_dec",6,"Decreasing","Harmful","H_dec"
"ny6jndnpf","Finished","lis1","7","B_dec",4,"Decreasing","Zero","B_dec"
"ida5rgmm7","Finished","lis2","0","G_dec",6,"Decreasing","Harmful","G_dec"
"ida5rgmm7","Finished","lis2","1","F_inc",5,"Increasing","Harmful","F_inc"
"ida5rgmm7","Finished","lis2","2","A_dec",4,"Decreasing","Zero","A_dec"
"ida5rgmm7","Finished","lis2","3","B_inc",4,"Increasing","Zero","B_inc"
"ida5rgmm7","Finished","lis2","4","H_inc",6,"Increasing","Harmful","H_inc"
"ida5rgmm7","Finished","lis2","5","D_inc",2,"Increasing","Benefitial","D_inc"
"ida5rgmm7","Finished","lis2","6","C_dec",3,"Decreasing","Benefitial","C_dec"
"ida5rgmm7","Finished","lis2","7","E_dec",2,"Decreasing","Benefitial","E_dec"
"826s9jgm2","Finished","lis2","0","F_inc",6,"Increasing","Harmful","F_inc"
"826s9jgm2","Finished","lis2","1","A_dec",3,"Decreasing","Zero","A_dec"
"826s9jgm2","Finished","lis2","2","C_dec",2,"Decreasing","Benefitial","C_dec"
"826s9jgm2","Finished","lis2","3","E_dec",2,"Decreasing","Benefitial","E_dec"
"826s9jgm2","Finished","lis2","4","D_inc",4,"Increasing","Benefitial","D_inc"
"826s9jgm2","Finished","lis2","5","G_dec",5,"Decreasing","Harmful","G_dec"
"826s9jgm2","Finished","lis2","6","H_inc",6,"Increasing","Harmful","H_inc"
"826s9jgm2","Finished","lis2","7","B_inc",6,"Increasing","Zero","B_inc"
"jd6t7g9pr","Finished","lis2","0","H_inc",7,"Increasing","Harmful","H_inc"
"jd6t7g9pr","Finished","lis2","1","B_inc",7,"Increasing","Zero","B_inc"
"jd6t7g9pr","Finished","lis2","2","E_dec",1,"Decreasing","Benefitial","E_dec"
"jd6t7g9pr","Finished","lis2","3","F_inc",6,"Increasing","Harmful","F_inc"
"jd6t7g9pr","Finished","lis2","4","C_dec",3,"Decreasing","Benefitial","C_dec"
"jd6t7g9pr","Finished","lis2","5","G_dec",2,"Decreasing","Harmful","G_dec"
"jd6t7g9pr","Finished","lis2","6","D_inc",6,"Increasing","Benefitial","D_inc"
"jd6t7g9pr","Finished","lis2","7","A_dec",2,"Decreasing","Zero","A_dec"
"emahq85po","Finished","lis2","0","D_inc",2,"Increasing","Benefitial","D_inc"
"emahq85po","Finished","lis2","1","C_dec",2,"Decreasing","Benefitial","C_dec"
"emahq85po","Finished","lis2","2","G_dec",6,"Decreasing","Harmful","G_dec"
"emahq85po","Finished","lis2","3","F_inc",4,"Increasing","Harmful","F_inc"
"emahq85po","Finished","lis2","4","E_dec",4,"Decreasing","Benefitial","E_dec"
"emahq85po","Finished","lis2","5","H_inc",5,"Increasing","Harmful","H_inc"
"emahq85po","Finished","lis2","6","A_dec",4,"Decreasing","Zero","A_dec"
"emahq85po","Finished","lis2","7","B_inc",5,"Increasing","Zero","B_inc"
"k26tiw6pz","Finished","lis2","0","G_dec",5,"Decreasing","Harmful","G_dec"
"k26tiw6pz","Finished","lis2","1","A_dec",4,"Decreasing","Zero","A_dec"
"k26tiw6pz","Finished","lis2","2","H_inc",6,"Increasing","Harmful","H_inc"
"k26tiw6pz","Finished","lis2","3","E_dec",2,"Decreasing","Benefitial","E_dec"
"k26tiw6pz","Finished","lis2","4","C_dec",1,"Decreasing","Benefitial","C_dec"
"k26tiw6pz","Finished","lis2","5","D_inc",5,"Increasing","Benefitial","D_inc"
"k26tiw6pz","Finished","lis2","6","B_inc",5,"Increasing","Zero","B_inc"
"k26tiw6pz","Finished","lis2","7","F_inc",6,"Increasing","Harmful","F_inc"
"gh6vs50mv","Finished","lis2","0","C_dec",6,"Decreasing","Benefitial","C_dec"
"gh6vs50mv","Finished","lis2","1","H_inc",7,"Increasing","Harmful","H_inc"
"gh6vs50mv","Finished","lis2","2","E_dec",6,"Decreasing","Benefitial","E_dec"
"gh6vs50mv","Finished","lis2","3","F_inc",7,"Increasing","Harmful","F_inc"
"gh6vs50mv","Finished","lis2","4","A_dec",5,"Decreasing","Zero","A_dec"
"gh6vs50mv","Finished","lis2","5","D_inc",6,"Increasing","Benefitial","D_inc"
"gh6vs50mv","Finished","lis2","6","B_inc",6,"Increasing","Zero","B_inc"
"gh6vs50mv","Finished","lis2","7","G_dec",5,"Decreasing","Harmful","G_dec"
"9l6ou47p7","Finished","lis1","0","G_inc",6,"Increasing","Harmful","G_inc"
"9l6ou47p7","Finished","lis1","1","B_dec",2,"Decreasing","Zero","B_dec"
"9l6ou47p7","Finished","lis1","2","C_inc",7,"Increasing","Benefitial","C_inc"
"9l6ou47p7","Finished","lis1","3","H_dec",3,"Decreasing","Harmful","H_dec"
"9l6ou47p7","Finished","lis1","4","A_inc",7,"Increasing","Zero","A_inc"
"9l6ou47p7","Finished","lis1","5","F_dec",3,"Decreasing","Harmful","F_dec"
"9l6ou47p7","Finished","lis1","6","E_inc",6,"Increasing","Benefitial","E_inc"
"9l6ou47p7","Finished","lis1","7","D_dec",1,"Decreasing","Benefitial","D_dec"
"cda22vmpe","Finished","lis2","0","B_inc",5,"Increasing","Zero","B_inc"
"cda22vmpe","Finished","lis2","1","D_inc",5,"Increasing","Benefitial","D_inc"
"cda22vmpe","Finished","lis2","2","H_inc",6,"Increasing","Harmful","H_inc"
"cda22vmpe","Finished","lis2","3","C_dec",2,"Decreasing","Benefitial","C_dec"
"cda22vmpe","Finished","lis2","4","G_dec",4,"Decreasing","Harmful","G_dec"
"cda22vmpe","Finished","lis2","5","A_dec",3,"Decreasing","Zero","A_dec"
"cda22vmpe","Finished","lis2","6","E_dec",3,"Decreasing","Benefitial","E_dec"
"cda22vmpe","Finished","lis2","7","F_inc",6,"Increasing","Harmful","F_inc"
"td6tb1lmr","Finished","lis2","0","H_inc",5,"Increasing","Harmful","H_inc"
"td6tb1lmr","Finished","lis2","1","D_inc",2,"Increasing","Benefitial","D_inc"
"td6tb1lmr","Finished","lis2","2","B_inc",3,"Increasing","Zero","B_inc"
"td6tb1lmr","Finished","lis2","3","C_dec",3,"Decreasing","Benefitial","C_dec"
"td6tb1lmr","Finished","lis2","4","A_dec",5,"Decreasing","Zero","A_dec"
"td6tb1lmr","Finished","lis2","5","E_dec",5,"Decreasing","Benefitial","E_dec"
"td6tb1lmr","Finished","lis2","6","G_dec",6,"Decreasing","Harmful","G_dec"
"td6tb1lmr","Finished","lis2","7","F_inc",5,"Increasing","Harmful","F_inc"
"ofalkpzmc","Finished","lis1","0","D_dec",3,"Decreasing","Benefitial","D_dec"
"ofalkpzmc","Finished","lis1","1","G_inc",5,"Increasing","Harmful","G_inc"
"ofalkpzmc","Finished","lis1","2","F_dec",5,"Decreasing","Harmful","F_dec"
"ofalkpzmc","Finished","lis1","3","B_dec",4,"Decreasing","Zero","B_dec"
"ofalkpzmc","Finished","lis1","4","H_dec",6,"Decreasing","Harmful","H_dec"
"ofalkpzmc","Finished","lis1","5","A_inc",4,"Increasing","Zero","A_inc"
"ofalkpzmc","Finished","lis1","6","C_inc",2,"Increasing","Benefitial","C_inc"
"ofalkpzmc","Finished","lis1","7","E_inc",2,"Increasing","Benefitial","E_inc"
"5l6vwx1pv","Finished","lis2","0","C_dec",3,"Decreasing","Benefitial","C_dec"
"5l6vwx1pv","Finished","lis2","1","B_inc",6,"Increasing","Zero","B_inc"
"5l6vwx1pv","Finished","lis2","2","E_dec",5,"Decreasing","Benefitial","E_dec"
"5l6vwx1pv","Finished","lis2","3","A_dec",6,"Decreasing","Zero","A_dec"
"5l6vwx1pv","Finished","lis2","4","H_inc",7,"Increasing","Harmful","H_inc"
"5l6vwx1pv","Finished","lis2","5","F_inc",6,"Increasing","Harmful","F_inc"
"5l6vwx1pv","Finished","lis2","6","G_dec",5,"Decreasing","Harmful","G_dec"
"5l6vwx1pv","Finished","lis2","7","D_inc",5,"Increasing","Benefitial","D_inc"
"hbaxiukpj","Finished","lis1","0","H_dec",5,"Decreasing","Harmful","H_dec"
"hbaxiukpj","Finished","lis1","1","A_inc",4,"Increasing","Zero","A_inc"
"hbaxiukpj","Finished","lis1","2","C_inc",6,"Increasing","Benefitial","C_inc"
"hbaxiukpj","Finished","lis1","3","F_dec",5,"Decreasing","Harmful","F_dec"
"hbaxiukpj","Finished","lis1","4","G_inc",3,"Increasing","Harmful","G_inc"
"hbaxiukpj","Finished","lis1","5","D_dec",4,"Decreasing","Benefitial","D_dec"
"hbaxiukpj","Finished","lis1","6","E_inc",6,"Increasing","Benefitial","E_inc"
"hbaxiukpj","Finished","lis1","7","B_dec",4,"Decreasing","Zero","B_dec"
"a4at2mcm8","Finished","lis2","0","D_inc",6,"Increasing","Benefitial","D_inc"
"a4at2mcm8","Finished","lis2","1","C_dec",4,"Decreasing","Benefitial","C_dec"
"a4at2mcm8","Finished","lis2","2","B_inc",6,"Increasing","Zero","B_inc"
"a4at2mcm8","Finished","lis2","3","G_dec",6,"Decreasing","Harmful","G_dec"
"a4at2mcm8","Finished","lis2","4","A_dec",6,"Decreasing","Zero","A_dec"
"a4at2mcm8","Finished","lis2","5","F_inc",5,"Increasing","Harmful","F_inc"
"a4at2mcm8","Finished","lis2","6","E_dec",6,"Decreasing","Benefitial","E_dec"
"a4at2mcm8","Finished","lis2","7","H_inc",6,"Increasing","Harmful","H_inc"
"156ycympj","Finished","lis2","0","G_dec",6,"Decreasing","Harmful","G_dec"
"156ycympj","Finished","lis2","1","B_inc",3,"Increasing","Zero","B_inc"
"156ycympj","Finished","lis2","2","F_inc",3,"Increasing","Harmful","F_inc"
"156ycympj","Finished","lis2","3","C_dec",4,"Decreasing","Benefitial","C_dec"
"156ycympj","Finished","lis2","4","E_dec",3,"Decreasing","Benefitial","E_dec"
"156ycympj","Finished","lis2","5","D_inc",2,"Increasing","Benefitial","D_inc"
"156ycympj","Finished","lis2","6","H_inc",6,"Increasing","Harmful","H_inc"
"156ycympj","Finished","lis2","7","A_dec",6,"Decreasing","Zero","A_dec"
"lh6qs31m4","Finished","lis1","0","F_dec",6,"Decreasing","Harmful","F_dec"
"lh6qs31m4","Finished","lis1","1","B_dec",5,"Decreasing","Zero","B_dec"
"lh6qs31m4","Finished","lis1","2","A_inc",4,"Increasing","Zero","A_inc"
"lh6qs31m4","Finished","lis1","3","H_dec",6,"Decreasing","Harmful","H_dec"
"lh6qs31m4","Finished","lis1","4","E_inc",3,"Increasing","Benefitial","E_inc"
"lh6qs31m4","Finished","lis1","5","G_inc",4,"Increasing","Harmful","G_inc"
"lh6qs31m4","Finished","lis1","6","D_dec",1,"Decreasing","Benefitial","D_dec"
"lh6qs31m4","Finished","lis1","7","C_inc",3,"Increasing","Benefitial","C_inc"
"0panmxnpp","Finished","lis2","0","C_dec",5,"Decreasing","Benefitial","C_dec"
"0panmxnpp","Finished","lis2","1","H_inc",6,"Increasing","Harmful","H_inc"
"0panmxnpp","Finished","lis2","2","B_inc",3,"Increasing","Zero","B_inc"
"0panmxnpp","Finished","lis2","3","G_dec",6,"Decreasing","Harmful","G_dec"
"0panmxnpp","Finished","lis2","4","D_inc",2,"Increasing","Benefitial","D_inc"
"0panmxnpp","Finished","lis2","5","E_dec",5,"Decreasing","Benefitial","E_dec"
"0panmxnpp","Finished","lis2","6","F_inc",3,"Increasing","Harmful","F_inc"
"0panmxnpp","Finished","lis2","7","A_dec",6,"Decreasing","Zero","A_dec"
"ne6mhexpb","Finished","lis1","0","A_inc",5,"Increasing","Zero","A_inc"
"ne6mhexpb","Finished","lis1","1","B_dec",3,"Decreasing","Zero","B_dec"
"ne6mhexpb","Finished","lis1","2","G_inc",5,"Increasing","Harmful","G_inc"
"ne6mhexpb","Finished","lis1","3","C_inc",5,"Increasing","Benefitial","C_inc"
"ne6mhexpb","Finished","lis1","4","D_dec",2,"Decreasing","Benefitial","D_dec"
"ne6mhexpb","Finished","lis1","5","F_dec",3,"Decreasing","Harmful","F_dec"
"ne6mhexpb","Finished","lis1","6","E_inc",5,"Increasing","Benefitial","E_inc"
"ne6mhexpb","Finished","lis1","7","H_dec",3,"Decreasing","Harmful","H_dec"
"7ranfl1p8","Finished","lis1","0","F_dec",5,"Decreasing","Harmful","F_dec"
"7ranfl1p8","Finished","lis1","1","B_dec",4,"Decreasing","Zero","B_dec"
"7ranfl1p8","Finished","lis1","2","G_inc",5,"Increasing","Harmful","G_inc"
"7ranfl1p8","Finished","lis1","3","E_inc",3,"Increasing","Benefitial","E_inc"
"7ranfl1p8","Finished","lis1","4","A_inc",5,"Increasing","Zero","A_inc"
"7ranfl1p8","Finished","lis1","5","H_dec",5,"Decreasing","Harmful","H_dec"
"7ranfl1p8","Finished","lis1","6","C_inc",2,"Increasing","Benefitial","C_inc"
"7ranfl1p8","Finished","lis1","7","D_dec",3,"Decreasing","Benefitial","D_dec"
"jo6b4namb","Finished","lis2","0","G_dec",2,"Decreasing","Harmful","G_dec"
"jo6b4namb","Finished","lis2","1","D_inc",5,"Increasing","Benefitial","D_inc"
"jo6b4namb","Finished","lis2","2","C_dec",2,"Decreasing","Benefitial","C_dec"
"jo6b4namb","Finished","lis2","3","B_inc",6,"Increasing","Zero","B_inc"
"jo6b4namb","Finished","lis2","4","H_inc",6,"Increasing","Harmful","H_inc"
"jo6b4namb","Finished","lis2","5","E_dec",2,"Decreasing","Benefitial","E_dec"
"jo6b4namb","Finished","lis2","6","A_dec",2,"Decreasing","Zero","A_dec"
"jo6b4namb","Finished","lis2","7","F_inc",5,"Increasing","Harmful","F_inc"
"47ar22kmg","Finished","lis1","0","G_inc",3,"Increasing","Harmful","G_inc"
"47ar22kmg","Finished","lis1","1","F_dec",5,"Decreasing","Harmful","F_dec"
"47ar22kmg","Finished","lis1","2","E_inc",2,"Increasing","Benefitial","E_inc"
"47ar22kmg","Finished","lis1","3","H_dec",6,"Decreasing","Harmful","H_dec"
"47ar22kmg","Finished","lis1","4","B_dec",5,"Decreasing","Zero","B_dec"
"47ar22kmg","Finished","lis1","5","D_dec",3,"Decreasing","Benefitial","D_dec"
"47ar22kmg","Finished","lis1","6","A_inc",4,"Increasing","Zero","A_inc"
"47ar22kmg","Finished","lis1","7","C_inc",3,"Increasing","Benefitial","C_inc"
"8ua3adppx","Finished","lis1","0","H_dec",2,"Decreasing","Harmful","H_dec"
"8ua3adppx","Finished","lis1","1","F_dec",2,"Decreasing","Harmful","F_dec"
"8ua3adppx","Finished","lis1","2","G_inc",3,"Increasing","Harmful","G_inc"
"8ua3adppx","Finished","lis1","3","D_dec",6,"Decreasing","Benefitial","D_dec"
"8ua3adppx","Finished","lis1","4","E_inc",6,"Increasing","Benefitial","E_inc"
"8ua3adppx","Finished","lis1","5","B_dec",4,"Decreasing","Zero","B_dec"
"8ua3adppx","Finished","lis1","6","C_inc",5,"Increasing","Benefitial","C_inc"
"8ua3adppx","Finished","lis1","7","A_inc",4,"Increasing","Zero","A_inc"
"fwajq9omh","Finished","lis1","0","C_inc",5,"Increasing","Benefitial","C_inc"
"fwajq9omh","Finished","lis1","1","B_dec",6,"Decreasing","Zero","B_dec"
"fwajq9omh","Finished","lis1","2","D_dec",5,"Decreasing","Benefitial","D_dec"
"fwajq9omh","Finished","lis1","3","E_inc",2,"Increasing","Benefitial","E_inc"
"fwajq9omh","Finished","lis1","4","F_dec",5,"Decreasing","Harmful","F_dec"
"fwajq9omh","Finished","lis1","5","G_inc",5,"Increasing","Harmful","G_inc"
"fwajq9omh","Finished","lis1","6","H_dec",6,"Decreasing","Harmful","H_dec"
"fwajq9omh","Finished","lis1","7","A_inc",2,"Increasing","Zero","A_inc"
"0raarygm4","Finished","lis1","0","F_dec",4,"Decreasing","Harmful","F_dec"
"0raarygm4","Finished","lis1","1","H_dec",4,"Decreasing","Harmful","H_dec"
"0raarygm4","Finished","lis1","2","A_inc",4,"Increasing","Zero","A_inc"
"0raarygm4","Finished","lis1","3","C_inc",3,"Increasing","Benefitial","C_inc"
"0raarygm4","Finished","lis1","4","D_dec",4,"Decreasing","Benefitial","D_dec"
"0raarygm4","Finished","lis1","5","E_inc",3,"Increasing","Benefitial","E_inc"
"0raarygm4","Finished","lis1","6","B_dec",4,"Decreasing","Zero","B_dec"
"0raarygm4","Finished","lis1","7","G_inc",5,"Increasing","Harmful","G_inc"
"qtatcjwmh","Finished","lis1","0","D_dec",3,"Decreasing","Benefitial","D_dec"
"qtatcjwmh","Finished","lis1","1","F_dec",6,"Decreasing","Harmful","F_dec"
"qtatcjwmh","Finished","lis1","2","E_inc",3,"Increasing","Benefitial","E_inc"
"qtatcjwmh","Finished","lis1","3","C_inc",2,"Increasing","Benefitial","C_inc"
"qtatcjwmh","Finished","lis1","4","G_inc",4,"Increasing","Harmful","G_inc"
"qtatcjwmh","Finished","lis1","5","A_inc",5,"Increasing","Zero","A_inc"
"qtatcjwmh","Finished","lis1","6","H_dec",5,"Decreasing","Harmful","H_dec"
"qtatcjwmh","Finished","lis1","7","B_dec",4,"Decreasing","Zero","B_dec"
"2d6qg4rmm","Finished","lis2","0","B_inc",6,"Increasing","Zero","B_inc"
"2d6qg4rmm","Finished","lis2","1","G_dec",5,"Decreasing","Harmful","G_dec"
"2d6qg4rmm","Finished","lis2","2","A_dec",3,"Decreasing","Zero","A_dec"
"2d6qg4rmm","Finished","lis2","3","C_dec",2,"Decreasing","Benefitial","C_dec"
"2d6qg4rmm","Finished","lis2","4","F_inc",6,"Increasing","Harmful","F_inc"
"2d6qg4rmm","Finished","lis2","5","H_inc",7,"Increasing","Harmful","H_inc"
"2d6qg4rmm","Finished","lis2","6","D_inc",5,"Increasing","Benefitial","D_inc"
"2d6qg4rmm","Finished","lis2","7","E_dec",2,"Decreasing","Benefitial","E_dec"
"do61cywmd","Finished","lis2","0","E_dec",6,"Decreasing","Benefitial","E_dec"
"do61cywmd","Finished","lis2","1","D_inc",1,"Increasing","Benefitial","D_inc"
"do61cywmd","Finished","lis2","2","B_inc",3,"Increasing","Zero","B_inc"
"do61cywmd","Finished","lis2","3","F_inc",3,"Increasing","Harmful","F_inc"
"do61cywmd","Finished","lis2","4","G_dec",6,"Decreasing","Harmful","G_dec"
"do61cywmd","Finished","lis2","5","H_inc",5,"Increasing","Harmful","H_inc"
"do61cywmd","Finished","lis2","6","C_dec",2,"Decreasing","Benefitial","C_dec"
"do61cywmd","Finished","lis2","7","A_dec",6,"Decreasing","Zero","A_dec"
"e46uh3gmh","Finished","lis1","0","F_dec",4,"Decreasing","Harmful","F_dec"
"e46uh3gmh","Finished","lis1","1","B_dec",3,"Decreasing","Zero","B_dec"
"e46uh3gmh","Finished","lis1","2","G_inc",5,"Increasing","Harmful","G_inc"
"e46uh3gmh","Finished","lis1","3","A_inc",3,"Increasing","Zero","A_inc"
"e46uh3gmh","Finished","lis1","4","E_inc",3,"Increasing","Benefitial","E_inc"
"e46uh3gmh","Finished","lis1","5","D_dec",4,"Decreasing","Benefitial","D_dec"
"e46uh3gmh","Finished","lis1","6","C_inc",3,"Increasing","Benefitial","C_inc"
"e46uh3gmh","Finished","lis1","7","H_dec",5,"Decreasing","Harmful","H_dec"
"bv63tqsmj","Finished","lis2","0","A_dec",3,"Decreasing","Zero","A_dec"
"bv63tqsmj","Finished","lis2","1","G_dec",3,"Decreasing","Harmful","G_dec"
"bv63tqsmj","Finished","lis2","2","C_dec",1,"Decreasing","Benefitial","C_dec"
"bv63tqsmj","Finished","lis2","3","D_inc",5,"Increasing","Benefitial","D_inc"
"bv63tqsmj","Finished","lis2","4","F_inc",6,"Increasing","Harmful","F_inc"
"bv63tqsmj","Finished","lis2","5","E_dec",2,"Decreasing","Benefitial","E_dec"
"bv63tqsmj","Finished","lis2","6","B_inc",7,"Increasing","Zero","B_inc"
"bv63tqsmj","Finished","lis2","7","H_inc",7,"Increasing","Harmful","H_inc"
"wp62meipi","Finished","lis1","0","H_dec",7,"Decreasing","Harmful","H_dec"
"wp62meipi","Finished","lis1","1","B_dec",5,"Decreasing","Zero","B_dec"
"wp62meipi","Finished","lis1","2","F_dec",7,"Decreasing","Harmful","F_dec"
"wp62meipi","Finished","lis1","3","C_inc",1,"Increasing","Benefitial","C_inc"
"wp62meipi","Finished","lis1","4","A_inc",5,"Increasing","Zero","A_inc"
"wp62meipi","Finished","lis1","5","E_inc",3,"Increasing","Benefitial","E_inc"
"wp62meipi","Finished","lis1","6","D_dec",7,"Decreasing","Benefitial","D_dec"
"wp62meipi","Finished","lis1","7","G_inc",5,"Increasing","Harmful","G_inc"
"fia4ntcp1","Finished","lis1","0","C_inc",2,"Increasing","Benefitial","C_inc"
"fia4ntcp1","Finished","lis1","1","D_dec",6,"Decreasing","Benefitial","D_dec"
"fia4ntcp1","Finished","lis1","2","B_dec",5,"Decreasing","Zero","B_dec"
"fia4ntcp1","Finished","lis1","3","E_inc",2,"Increasing","Benefitial","E_inc"
"fia4ntcp1","Finished","lis1","4","F_dec",6,"Decreasing","Harmful","F_dec"
"fia4ntcp1","Finished","lis1","5","H_dec",4,"Decreasing","Harmful","H_dec"
"fia4ntcp1","Finished","lis1","6","G_inc",4,"Increasing","Harmful","G_inc"
"fia4ntcp1","Finished","lis1","7","A_inc",3,"Increasing","Zero","A_inc"
"jn6p04jpx","Finished","lis2","0","A_dec",1,"Decreasing","Zero","A_dec"
"jn6p04jpx","Finished","lis2","1","H_inc",7,"Increasing","Harmful","H_inc"
"jn6p04jpx","Finished","lis2","2","B_inc",6,"Increasing","Zero","B_inc"
"jn6p04jpx","Finished","lis2","3","D_inc",5,"Increasing","Benefitial","D_inc"
"jn6p04jpx","Finished","lis2","4","F_inc",5,"Increasing","Harmful","F_inc"
"jn6p04jpx","Finished","lis2","5","G_dec",2,"Decreasing","Harmful","G_dec"
"jn6p04jpx","Finished","lis2","6","C_dec",1,"Decreasing","Benefitial","C_dec"
"jn6p04jpx","Finished","lis2","7","E_dec",2,"Decreasing","Benefitial","E_dec"
"rx698eopt","Finished","lis1","0","A_inc",6,"Increasing","Zero","A_inc"
"rx698eopt","Finished","lis1","1","H_dec",5,"Decreasing","Harmful","H_dec"
"rx698eopt","Finished","lis1","2","F_dec",4,"Decreasing","Harmful","F_dec"
"rx698eopt","Finished","lis1","3","E_inc",3,"Increasing","Benefitial","E_inc"
"rx698eopt","Finished","lis1","4","B_dec",4,"Decreasing","Zero","B_dec"
"rx698eopt","Finished","lis1","5","D_dec",3,"Decreasing","Benefitial","D_dec"
"rx698eopt","Finished","lis1","6","G_inc",5,"Increasing","Harmful","G_inc"
"rx698eopt","Finished","lis1","7","C_inc",3,"Increasing","Benefitial","C_inc"
"nvai6qxpl","Finished","lis1","0","B_dec",6,"Decreasing","Zero","B_dec"
"nvai6qxpl","Finished","lis1","1","D_dec",2,"Decreasing","Benefitial","D_dec"
"nvai6qxpl","Finished","lis1","2","E_inc",3,"Increasing","Benefitial","E_inc"
"nvai6qxpl","Finished","lis1","3","F_dec",5,"Decreasing","Harmful","F_dec"
"nvai6qxpl","Finished","lis1","4","C_inc",2,"Increasing","Benefitial","C_inc"
"nvai6qxpl","Finished","lis1","5","G_inc",5,"Increasing","Harmful","G_inc"
"nvai6qxpl","Finished","lis1","6","A_inc",2,"Increasing","Zero","A_inc"
"nvai6qxpl","Finished","lis1","7","H_dec",6,"Decreasing","Harmful","H_dec"
"55ablzlp1","Finished","lis1","0","C_inc",4,"Increasing","Benefitial","C_inc"
"55ablzlp1","Finished","lis1","1","F_dec",6,"Decreasing","Harmful","F_dec"
"55ablzlp1","Finished","lis1","2","G_inc",5,"Increasing","Harmful","G_inc"
"55ablzlp1","Finished","lis1","3","E_inc",3,"Increasing","Benefitial","E_inc"
"55ablzlp1","Finished","lis1","4","D_dec",4,"Decreasing","Benefitial","D_dec"
"55ablzlp1","Finished","lis1","5","H_dec",6,"Decreasing","Harmful","H_dec"
"55ablzlp1","Finished","lis1","6","A_inc",5,"Increasing","Zero","A_inc"
"55ablzlp1","Finished","lis1","7","B_dec",4,"Decreasing","Zero","B_dec"
"5p6hqlhpq","Finished","lis1","0","E_inc",3,"Increasing","Benefitial","E_inc"
"5p6hqlhpq","Finished","lis1","1","F_dec",6,"Decreasing","Harmful","F_dec"
"5p6hqlhpq","Finished","lis1","2","G_inc",5,"Increasing","Harmful","G_inc"
"5p6hqlhpq","Finished","lis1","3","A_inc",5,"Increasing","Zero","A_inc"
"5p6hqlhpq","Finished","lis1","4","B_dec",4,"Decreasing","Zero","B_dec"
"5p6hqlhpq","Finished","lis1","5","D_dec",3,"Decreasing","Benefitial","D_dec"
"5p6hqlhpq","Finished","lis1","6","H_dec",6,"Decreasing","Harmful","H_dec"
"5p6hqlhpq","Finished","lis1","7","C_inc",4,"Increasing","Benefitial","C_inc"
"nc6n13mpc","Finished","lis1","0","G_inc",6,"Increasing","Harmful","G_inc"
"nc6n13mpc","Finished","lis1","1","D_dec",2,"Decreasing","Benefitial","D_dec"
"nc6n13mpc","Finished","lis1","2","A_inc",6,"Increasing","Zero","A_inc"
"nc6n13mpc","Finished","lis1","3","H_dec",4,"Decreasing","Harmful","H_dec"
"nc6n13mpc","Finished","lis1","4","E_inc",3,"Increasing","Benefitial","E_inc"
"nc6n13mpc","Finished","lis1","5","F_dec",3,"Decreasing","Harmful","F_dec"
"nc6n13mpc","Finished","lis1","6","B_dec",3,"Decreasing","Zero","B_dec"
"nc6n13mpc","Finished","lis1","7","C_inc",5,"Increasing","Benefitial","C_inc"
"kf6ulm3m3","Finished","lis1","0","H_dec",6,"Decreasing","Harmful","H_dec"
"kf6ulm3m3","Finished","lis1","1","A_inc",5,"Increasing","Zero","A_inc"
"kf6ulm3m3","Finished","lis1","2","F_dec",3,"Decreasing","Harmful","F_dec"
"kf6ulm3m3","Finished","lis1","3","E_inc",3,"Increasing","Benefitial","E_inc"
"kf6ulm3m3","Finished","lis1","4","B_dec",5,"Decreasing","Zero","B_dec"
"kf6ulm3m3","Finished","lis1","5","D_dec",2,"Decreasing","Benefitial","D_dec"
"kf6ulm3m3","Finished","lis1","6","C_inc",2,"Increasing","Benefitial","C_inc"
"kf6ulm3m3","Finished","lis1","7","G_inc",5,"Increasing","Harmful","G_inc"
"4o6bz1smz","Finished","lis2","0","D_inc",5,"Increasing","Benefitial","D_inc"
"4o6bz1smz","Finished","lis2","1","E_dec",6,"Decreasing","Benefitial","E_dec"
"4o6bz1smz","Finished","lis2","2","C_dec",4,"Decreasing","Benefitial","C_dec"
"4o6bz1smz","Finished","lis2","3","F_inc",5,"Increasing","Harmful","F_inc"
"4o6bz1smz","Finished","lis2","4","G_dec",7,"Decreasing","Harmful","G_dec"
"4o6bz1smz","Finished","lis2","5","H_inc",7,"Increasing","Harmful","H_inc"
"4o6bz1smz","Finished","lis2","6","A_dec",6,"Decreasing","Zero","A_dec"
"4o6bz1smz","Finished","lis2","7","B_inc",7,"Increasing","Zero","B_inc"
"7b6x9ryp2","Finished","lis1","0","G_inc",5,"Increasing","Harmful","G_inc"
"7b6x9ryp2","Finished","lis1","1","A_inc",5,"Increasing","Zero","A_inc"
"7b6x9ryp2","Finished","lis1","2","E_inc",3,"Increasing","Benefitial","E_inc"
"7b6x9ryp2","Finished","lis1","3","D_dec",2,"Decreasing","Benefitial","D_dec"
"7b6x9ryp2","Finished","lis1","4","B_dec",6,"Decreasing","Zero","B_dec"
"7b6x9ryp2","Finished","lis1","5","C_inc",2,"Increasing","Benefitial","C_inc"
"7b6x9ryp2","Finished","lis1","6","F_dec",6,"Decreasing","Harmful","F_dec"
"7b6x9ryp2","Finished","lis1","7","H_dec",6,"Decreasing","Harmful","H_dec"
"8ra3szjp3","Finished","lis1","0","A_inc",5,"Increasing","Zero","A_inc"
"8ra3szjp3","Finished","lis1","1","F_dec",4,"Decreasing","Harmful","F_dec"
"8ra3szjp3","Finished","lis1","2","H_dec",5,"Decreasing","Harmful","H_dec"
"8ra3szjp3","Finished","lis1","3","E_inc",3,"Increasing","Benefitial","E_inc"
"8ra3szjp3","Finished","lis1","4","G_inc",4,"Increasing","Harmful","G_inc"
"8ra3szjp3","Finished","lis1","5","B_dec",4,"Decreasing","Zero","B_dec"
"8ra3szjp3","Finished","lis1","6","C_inc",4,"Increasing","Benefitial","C_inc"
"8ra3szjp3","Finished","lis1","7","D_dec",3,"Decreasing","Benefitial","D_dec"
"nb6lc3omz","Finished","lis1","0","E_inc",5,"Increasing","Benefitial","E_inc"
"nb6lc3omz","Finished","lis1","1","H_dec",3,"Decreasing","Harmful","H_dec"
"nb6lc3omz","Finished","lis1","2","A_inc",5,"Increasing","Zero","A_inc"
"nb6lc3omz","Finished","lis1","3","F_dec",3,"Decreasing","Harmful","F_dec"
"nb6lc3omz","Finished","lis1","4","C_inc",3,"Increasing","Benefitial","C_inc"
"nb6lc3omz","Finished","lis1","5","G_inc",3,"Increasing","Harmful","G_inc"
"nb6lc3omz","Finished","lis1","6","D_dec",2,"Decreasing","Benefitial","D_dec"
"nb6lc3omz","Finished","lis1","7","B_dec",5,"Decreasing","Zero","B_dec"
"06aj812p8","Finished","lis1","0","G_inc",7,"Increasing","Harmful","G_inc"
"06aj812p8","Finished","lis1","1","C_inc",5,"Increasing","Benefitial","C_inc"
"06aj812p8","Finished","lis1","2","F_dec",5,"Decreasing","Harmful","F_dec"
"06aj812p8","Finished","lis1","3","B_dec",4,"Decreasing","Zero","B_dec"
"06aj812p8","Finished","lis1","4","H_dec",6,"Decreasing","Harmful","H_dec"
"06aj812p8","Finished","lis1","5","A_inc",6,"Increasing","Zero","A_inc"
"06aj812p8","Finished","lis1","6","E_inc",3,"Increasing","Benefitial","E_inc"
"06aj812p8","Finished","lis1","7","D_dec",4,"Decreasing","Benefitial","D_dec"
"wh6zfv6mr","Finished","lis1","0","A_inc",6,"Increasing","Zero","A_inc"
"wh6zfv6mr","Finished","lis1","1","E_inc",3,"Increasing","Benefitial","E_inc"
"wh6zfv6mr","Finished","lis1","2","D_dec",2,"Decreasing","Benefitial","D_dec"
"wh6zfv6mr","Finished","lis1","3","G_inc",5,"Increasing","Harmful","G_inc"
"wh6zfv6mr","Finished","lis1","4","C_inc",2,"Increasing","Benefitial","C_inc"
"wh6zfv6mr","Finished","lis1","5","B_dec",6,"Decreasing","Zero","B_dec"
"wh6zfv6mr","Finished","lis1","6","H_dec",5,"Decreasing","Harmful","H_dec"
"wh6zfv6mr","Finished","lis1","7","F_dec",4,"Decreasing","Harmful","F_dec"
"6ta5tdwp1","Finished","lis1","0","D_dec",3,"Decreasing","Benefitial","D_dec"
"6ta5tdwp1","Finished","lis1","1","H_dec",5,"Decreasing","Harmful","H_dec"
"6ta5tdwp1","Finished","lis1","2","B_dec",3,"Decreasing","Zero","B_dec"
"6ta5tdwp1","Finished","lis1","3","A_inc",4,"Increasing","Zero","A_inc"
"6ta5tdwp1","Finished","lis1","4","E_inc",2,"Increasing","Benefitial","E_inc"
"6ta5tdwp1","Finished","lis1","5","G_inc",6,"Increasing","Harmful","G_inc"
"6ta5tdwp1","Finished","lis1","6","F_dec",5,"Decreasing","Harmful","F_dec"
"6ta5tdwp1","Finished","lis1","7","C_inc",3,"Increasing","Benefitial","C_inc"
"uh6jdjrpe","Finished","lis1","0","A_inc",3,"Increasing","Zero","A_inc"
"uh6jdjrpe","Finished","lis1","1","G_inc",6,"Increasing","Harmful","G_inc"
"uh6jdjrpe","Finished","lis1","2","E_inc",1,"Increasing","Benefitial","E_inc"
"uh6jdjrpe","Finished","lis1","3","C_inc",1,"Increasing","Benefitial","C_inc"
"uh6jdjrpe","Finished","lis1","4","D_dec",5,"Decreasing","Benefitial","D_dec"
"uh6jdjrpe","Finished","lis1","5","B_dec",5,"Decreasing","Zero","B_dec"
"uh6jdjrpe","Finished","lis1","6","H_dec",6,"Decreasing","Harmful","H_dec"
"uh6jdjrpe","Finished","lis1","7","F_dec",5,"Decreasing","Harmful","F_dec"
"dgansbama","Finished","lis1","0","B_dec",3,"Decreasing","Zero","B_dec"
"dgansbama","Finished","lis1","1","D_dec",3,"Decreasing","Benefitial","D_dec"
"dgansbama","Finished","lis1","2","C_inc",4,"Increasing","Benefitial","C_inc"
"dgansbama","Finished","lis1","3","F_dec",5,"Decreasing","Harmful","F_dec"
"dgansbama","Finished","lis1","4","H_dec",6,"Decreasing","Harmful","H_dec"
"dgansbama","Finished","lis1","5","E_inc",3,"Increasing","Benefitial","E_inc"
"dgansbama","Finished","lis1","6","G_inc",6,"Increasing","Harmful","G_inc"
"dgansbama","Finished","lis1","7","A_inc",4,"Increasing","Zero","A_inc"
"2dadvtvmj","Finished","lis2","0","H_inc",7,"Increasing","Harmful","H_inc"
"2dadvtvmj","Finished","lis2","1","C_dec",3,"Decreasing","Benefitial","C_dec"
"2dadvtvmj","Finished","lis2","2","A_dec",3,"Decreasing","Zero","A_dec"
"2dadvtvmj","Finished","lis2","3","E_dec",2,"Decreasing","Benefitial","E_dec"
"2dadvtvmj","Finished","lis2","4","D_inc",4,"Increasing","Benefitial","D_inc"
"2dadvtvmj","Finished","lis2","5","F_inc",6,"Increasing","Harmful","F_inc"
"2dadvtvmj","Finished","lis2","6","B_inc",5,"Increasing","Zero","B_inc"
"2dadvtvmj","Finished","lis2","7","G_dec",4,"Decreasing","Harmful","G_dec"
"1b67krgmt","Finished","lis2","0","C_dec",2,"Decreasing","Benefitial","C_dec"
"1b67krgmt","Finished","lis2","1","H_inc",6,"Increasing","Harmful","H_inc"
"1b67krgmt","Finished","lis2","2","D_inc",6,"Increasing","Benefitial","D_inc"
"1b67krgmt","Finished","lis2","3","B_inc",6,"Increasing","Zero","B_inc"
"1b67krgmt","Finished","lis2","4","E_dec",3,"Decreasing","Benefitial","E_dec"
"1b67krgmt","Finished","lis2","5","G_dec",4,"Decreasing","Harmful","G_dec"
"1b67krgmt","Finished","lis2","6","A_dec",4,"Decreasing","Zero","A_dec"
"1b67krgmt","Finished","lis2","7","F_inc",6,"Increasing","Harmful","F_inc"
"2ua7qqxp9","Finished","lis2","0","C_dec",5,"Decreasing","Benefitial","C_dec"
"2ua7qqxp9","Finished","lis2","1","D_inc",1,"Increasing","Benefitial","D_inc"
"2ua7qqxp9","Finished","lis2","2","H_inc",6,"Increasing","Harmful","H_inc"
"2ua7qqxp9","Finished","lis2","3","A_dec",5,"Decreasing","Zero","A_dec"
"2ua7qqxp9","Finished","lis2","4","B_inc",4,"Increasing","Zero","B_inc"
"2ua7qqxp9","Finished","lis2","5","E_dec",4,"Decreasing","Benefitial","E_dec"
"2ua7qqxp9","Finished","lis2","6","F_inc",4,"Increasing","Harmful","F_inc"
"2ua7qqxp9","Finished","lis2","7","G_dec",6,"Decreasing","Harmful","G_dec"
"9par5xqp7","Finished","lis1","0","E_inc",3,"Increasing","Benefitial","E_inc"
"9par5xqp7","Finished","lis1","1","C_inc",3,"Increasing","Benefitial","C_inc"
"9par5xqp7","Finished","lis1","2","F_dec",5,"Decreasing","Harmful","F_dec"
"9par5xqp7","Finished","lis1","3","D_dec",4,"Decreasing","Benefitial","D_dec"
"9par5xqp7","Finished","lis1","4","B_dec",4,"Decreasing","Zero","B_dec"
"9par5xqp7","Finished","lis1","5","G_inc",5,"Increasing","Harmful","G_inc"
"9par5xqp7","Finished","lis1","6","A_inc",4,"Increasing","Zero","A_inc"
"9par5xqp7","Finished","lis1","7","H_dec",6,"Decreasing","Harmful","H_dec"
"o0asgrnpc","Finished","lis2","0","H_inc",4,"Increasing","Harmful","H_inc"
"o0asgrnpc","Finished","lis2","1","F_inc",4,"Increasing","Harmful","F_inc"
"o0asgrnpc","Finished","lis2","2","C_dec",3,"Decreasing","Benefitial","C_dec"
"o0asgrnpc","Finished","lis2","3","E_dec",4,"Decreasing","Benefitial","E_dec"
"o0asgrnpc","Finished","lis2","4","G_dec",5,"Decreasing","Harmful","G_dec"
"o0asgrnpc","Finished","lis2","5","A_dec",4,"Decreasing","Zero","A_dec"
"o0asgrnpc","Finished","lis2","6","D_inc",4,"Increasing","Benefitial","D_inc"
"o0asgrnpc","Finished","lis2","7","B_inc",4,"Increasing","Zero","B_inc"
"ns6vzxwpn","Finished","lis2","0","E_dec",6,"Decreasing","Benefitial","E_dec"
"ns6vzxwpn","Finished","lis2","1","A_dec",6,"Decreasing","Zero","A_dec"
"ns6vzxwpn","Finished","lis2","2","C_dec",7,"Decreasing","Benefitial","C_dec"
"ns6vzxwpn","Finished","lis2","3","G_dec",7,"Decreasing","Harmful","G_dec"
"ns6vzxwpn","Finished","lis2","4","F_inc",5,"Increasing","Harmful","F_inc"
"ns6vzxwpn","Finished","lis2","5","H_inc",6,"Increasing","Harmful","H_inc"
"ns6vzxwpn","Finished","lis2","6","B_inc",3,"Increasing","Zero","B_inc"
"ns6vzxwpn","Finished","lis2","7","D_inc",1,"Increasing","Benefitial","D_inc"
"nc6kbd9pb","Finished","lis2","0","H_inc",5,"Increasing","Harmful","H_inc"
"nc6kbd9pb","Finished","lis2","1","A_dec",2,"Decreasing","Zero","A_dec"
"nc6kbd9pb","Finished","lis2","2","D_inc",2,"Increasing","Benefitial","D_inc"
"nc6kbd9pb","Finished","lis2","3","G_dec",4,"Decreasing","Harmful","G_dec"
"nc6kbd9pb","Finished","lis2","4","B_inc",4,"Increasing","Zero","B_inc"
"nc6kbd9pb","Finished","lis2","5","E_dec",3,"Decreasing","Benefitial","E_dec"
"nc6kbd9pb","Finished","lis2","6","F_inc",4,"Increasing","Harmful","F_inc"
"nc6kbd9pb","Finished","lis2","7","C_dec",2,"Decreasing","Benefitial","C_dec"
